SpT,Teff,logT,BCv,logL,Mbol,Rsun,Mv,BV,BtVt,GV,BpRp,GRp,M_G,by,UB,VRc,VI,VK,JH,HK,M_J,M_K,KW1,W1W2,W1W3,W1W4,gr,iz,zY,Msun
O3V,44900,4.652,-4.01,5.82,-9.81,13.43,-5.8,-0.33,-0.5616923076923078,-0.08900000000000002,-3.882,-2.316,-10.489999999999998,-0.133,-1.175,-0.12760000000000002,-0.43528571428571433,-1.1905714285714288,-0.1888571428571429,-0.08757142857142847,-4.600000000000001,-4.2522857142857164,0.010374999999999995,-0.045,-0.117,-0.07,-0.62,-20.19499999999999,-15.622307692307707,59.0
O4V,42900,4.632,-3.89,5.65,-9.39,12.13,-5.5,-0.326,-0.5334871794871796,-0.08233333333333334,-3.6620000000000004,-2.1826666666666665,-9.823333333333332,-0.133,-1.16,-0.1262666666666667,-0.42385714285714293,-1.157714285714286,-0.1845714285714286,-0.08471428571428563,-4.4,-4.070857142857145,0.01120833333333333,-0.045,-0.117,-0.07,-0.62,-19.19499999999999,-14.853076923076937,48.0
O5V,41400,4.617,-3.76,5.54,-9.11,11.45,-5.35,-0.323,-0.5123333333333334,-0.07733333333333334,-3.4970000000000003,-2.0826666666666664,-9.323333333333332,-0.133,-1.15,-0.1252666666666667,-0.4152857142857143,-1.1330714285714287,-0.18135714285714288,-0.08257142857142849,-4.250000000000001,-3.9347857142857157,0.011833333333333331,-0.045,-0.117,-0.07,-0.62,-18.44499999999999,-14.276153846153859,43.0
O5.5V,40500,4.607,-3.67,5.44,-8.87,10.71,-5.2,-0.322,-0.49964102564102575,-0.07433333333333333,-3.398,-2.0226666666666664,-9.023333333333332,-0.133,-1.145,-0.12466666666666668,-0.4101428571428572,-1.1182857142857143,-0.17942857142857144,-0.08128571428571421,-4.16,-3.8531428571428585,0.012208333333333331,-0.045,-0.117,-0.07,-0.62,-17.99499999999999,-13.930000000000012,38.0
O6V,39500,4.597,-3.57,5.36,-8.67,10.27,-5.1,-0.321,-0.4855384615384617,-0.07100000000000001,-3.2880000000000003,-1.9559999999999997,-8.689999999999998,-0.132,-1.14,-0.12400000000000001,-0.40442857142857147,-1.1018571428571429,-0.1772857142857143,-0.0798571428571428,-4.0600000000000005,-3.762428571428573,0.012624999999999997,-0.045,-0.117,-0.07,-0.62,-17.49499999999999,-13.545384615384627,35.0
O6.5V,38300,4.583,-3.49,5.27,-8.44,9.82,-4.95,-0.319,-0.4686153846153847,-0.067,-3.156,-1.8759999999999997,-8.29,-0.131,-1.135,-0.12320000000000002,-0.3975714285714286,-1.0821428571428573,-0.17471428571428574,-0.0781428571428571,-3.9400000000000004,-3.6535714285714294,0.013124999999999998,-0.045,-0.117,-0.07,-0.62,-16.894999999999992,-13.083846153846165,31.0
O7V,37100,4.569,-3.41,5.18,-8.21,9.42,-4.8,-0.318,-0.4516923076923078,-0.063,-3.0240000000000005,-1.7959999999999998,-7.889999999999999,-0.13,-1.13,-0.12240000000000001,-0.39071428571428574,-1.0624285714285715,-0.17214285714285715,-0.07642857142857139,-3.8200000000000003,-3.5447142857142864,0.013624999999999998,-0.045,-0.117,-0.07,-0.62,-16.29499999999999,-12.622307692307704,28.0
O7.5V,36100,4.558,-3.33,5.09,-7.98,8.95,-4.65,-0.317,-0.4375897435897437,-0.05966666666666667,-2.914,-1.7293333333333332,-7.556666666666666,-0.13,-1.125,-0.12173333333333335,-0.385,-1.046,-0.17,-0.07499999999999997,-3.72,-3.4540000000000006,0.014041666666666666,-0.045,-0.117,-0.07,-0.62,-15.794999999999993,-12.237692307692319,26.0
O8V,35100,4.545,-3.24,4.99,-7.74,8.47,-4.5,-0.315,-0.42348717948717957,-0.05633333333333334,-2.8040000000000003,-1.6626666666666665,-7.223333333333333,-0.129,-1.12,-0.12106666666666668,-0.3792857142857143,-1.0295714285714286,-0.16785714285714287,-0.07357142857142855,-3.62,-3.363285714285715,0.014458333333333332,-0.045,-0.117,-0.07,-0.62,-15.294999999999995,-11.853076923076934,23.6
O8.5V,34300,4.535,-3.18,4.91,-7.53,8.06,-4.35,-0.314,-0.4122051282051283,-0.053666666666666675,-2.716,-1.609333333333333,-6.956666666666666,-0.128,-1.115,-0.12053333333333334,-0.3747142857142857,-1.0164285714285715,-0.16614285714285715,-0.07242857142857141,-3.54,-3.290714285714286,0.014791666666666667,-0.045,-0.117,-0.07,-0.62,-14.894999999999994,-11.545384615384625,21.9
O9V,33300,4.522,-3.11,4.82,-7.31,7.72,-4.2,-0.312,-0.39810256410256417,-0.05033333333333334,-2.6060000000000003,-1.5426666666666664,-6.623333333333332,-0.127,-1.11,-0.11986666666666668,-0.369,-1.0,-0.164,-0.071,-3.44,-3.2,0.015208333333333332,-0.045,-0.117,-0.07,-0.62,-14.394999999999994,-11.16076923076924,20.2
O9.5V,31900,4.504,-3.01,4.72,-7.06,7.5,-4.05,-0.307,-0.3783589743589744,-0.045666666666666675,-2.4520000000000004,-1.4493333333333331,-6.156666666666666,-0.125,-1.09,-0.11893333333333334,-0.361,-0.977,-0.161,-0.069,-3.3,-3.073,0.015791666666666666,-0.045,-0.117,-0.07,-0.605,-13.694999999999995,-10.622307692307702,18.7
B0V,31400,4.497,-2.99,4.65,-6.89,7.16,-3.9,-0.301,-0.37130769230769234,-0.044000000000000004,-2.3970000000000002,-1.4159999999999997,-5.989999999999999,-0.122,-1.07,-0.11860000000000001,-0.355,-0.958,-0.159,-0.067,-3.17,-2.942,0.016,-0.045,-0.117,-0.07,-0.59,-13.444999999999995,-10.43000000000001,17.7
B0.5V,29000,4.462,-2.83,4.43,-6.33,6.48,-3.5,-0.289,-0.3374615384615385,-0.036000000000000004,-2.1330000000000005,-1.2559999999999998,-5.1899999999999995,-0.12,-1.03,-0.117,-0.338,-0.913,-0.153,-0.063,-2.8,-2.587,0.017,-0.045,-0.117,-0.07,-0.54,-12.244999999999996,-9.506923076923085,14.8
B1V,26000,4.415,-2.58,4.13,-5.58,5.71,-3.0,-0.278,-0.2951538461538462,-0.026000000000000002,-1.803,-1.0559999999999998,-4.1899999999999995,-0.113,-0.995,-0.115,-0.325,-0.874,-0.148,-0.059,-2.33,-2.126,0.018,-0.045,-0.117,-0.07,-0.49,-10.744999999999996,-8.35307692307693,11.8
B1.5V,24500,4.389,-2.44,3.91,-5.04,5.02,-2.6,-0.252,-0.274,-0.021,-1.6380000000000001,-0.9559999999999998,-3.6899999999999995,-0.103,-0.91,-0.114,-0.281,-0.752,-0.132,-0.047,-2.03,-1.848,0.021,-0.045,-0.117,-0.07,-0.483,-9.994999999999996,-7.7761538461538535,9.9
B2V,20600,4.314,-2.03,3.43,-3.83,4.06,-1.8,-0.215,-0.219,-0.008,-1.209,-0.696,-2.3899999999999997,-0.094,-0.79,-0.094,-0.23,-0.602,-0.113,-0.032,-1.34,-1.198,0.023,-0.045,-0.117,-0.07,-0.475,-8.044999999999998,-6.276153846153852,7.3
B2.5V,18500,4.267,-1.77,3.2,-3.27,3.89,-1.5,-0.198,-0.206,-0.003,-0.978,-0.5559999999999999,-1.69,-0.087,-0.732,-0.087,-0.21,-0.544,-0.105,-0.026,-1.09,-0.956,0.025,-0.045,-0.117,-0.07,-0.468,-6.9949999999999966,-5.468461538461543,6.1
B3V,17000,4.23,-1.54,2.99,-2.74,3.61,-1.2,-0.178,-0.184,0.001,-0.813,-0.45599999999999996,-1.19,-0.083,-0.673,-0.08,-0.192,-0.492,-0.098,-0.021,-0.83,-0.708,0.026,-0.045,-0.117,-0.07,-0.46,-6.244999999999997,-4.891538461538467,5.4
B4V,16400,4.215,-1.49,2.89,-2.49,3.46,-1.0,-0.165,-0.17,0.004,-0.747,-0.4159999999999999,-0.99,-0.078,-0.619,-0.074,-0.176,-0.447,-0.092,-0.016,-0.66,-0.553,0.028,-0.045,-0.117,-0.07,-0.437,-5.944999999999998,-4.660769230769235,5.1
B5V,15700,4.196,-1.34,2.77,-2.19,3.36,-0.85,-0.156,-0.16,0.007,-0.67,-0.3693333333333333,-0.84,-0.072,-0.581,-0.07,-0.165,-0.38,-0.084,-0.01,-0.54,-0.376,0.029,-0.045,-0.117,-0.07,-0.413,-5.594999999999997,-4.391538461538465,4.7
B6V,14500,4.161,-1.13,2.57,-1.68,3.27,-0.55,-0.14,-0.142,0.01,-0.538,-0.28933333333333333,-0.54,-0.066,-0.504,-0.062,-0.145,-0.358,-0.081,-0.007,-0.28,-0.192,0.03,-0.045,-0.117,-0.07,-0.39,-4.994999999999997,-3.9300000000000037,4.3
B7V,14000,4.146,-1.05,2.48,-1.45,2.94,-0.4,-0.128,-0.129,0.012,-0.483,-0.25599999999999995,-0.39,-0.062,-0.459,-0.058,-0.133,-0.325,-0.077,-0.004,-0.16,-0.075,0.031,-0.045,-0.117,-0.07,-0.36,-4.744999999999997,-3.737692307692311,3.92
B8V,12300,4.09,-0.73,2.19,-0.73,2.86,0.0,-0.109,-0.107,0.016,-0.29600000000000004,-0.14266666666666666,-0.01,-0.045,-0.364,-0.048,-0.108,-0.254,-0.067,0.003,0.19,0.254,0.033,-0.046,-0.116,-0.067,-0.33,-3.894999999999998,-3.083846153846157,3.38
B9V,10700,4.029,-0.42,1.86,0.08,2.49,0.5,-0.07,-0.063,0.018,-0.12,-0.036,0.515,-0.029,-0.2,-0.028,-0.061,-0.121,-0.05,0.016,0.59,0.621,0.038,-0.063,-0.104,-0.054,-0.28,-3.0949999999999984,-2.468461538461541,2.75
B9.5V,10400,4.017,-0.36,1.8,0.24,2.45,0.6,-0.05,-0.04,0.017,-0.087,-0.016,0.615,-0.021,-0.13,-0.017,-0.035,-0.048,-0.044,0.021,0.63,0.648,0.04,-0.044,-0.091,-0.043,-0.265,-2.9449999999999985,-2.3530769230769253,2.68
A0V,9700,3.987,-0.21,1.58,0.78,2.193,0.99,0.0,0.013,0.015,-0.037,-0.02,1.0,0.0,-0.005,0.001,0.004,0.041,-0.032,0.028,0.95,0.949,0.042,-0.041,-0.074,-0.022,-0.25,-2.594999999999999,-2.083846153846156,2.18
A1V,9300,3.968,-0.14,1.49,1.02,2.136,1.16,0.035,0.056,0.01,0.005,0.032,1.16,0.017,0.033,0.019,0.044,0.09,-0.025,0.03,1.08,1.07,0.043,-0.036,-0.068,-0.023,-0.21,-2.3949999999999987,-1.930000000000002,2.05
A2V,8800,3.944,-0.07,1.38,1.28,2.117,1.35,0.07,0.091,0.0,0.068,0.05,1.345,0.038,0.063,0.042,0.091,0.178,-0.012,0.034,1.19,1.172,0.044,-0.034,-0.067,-0.029,-0.17,-2.1449999999999987,-1.7376923076923094,1.98
A3V,8600,3.934,-0.04,1.23,1.66,1.861,1.7,0.1,0.109,-0.005,0.11,0.092,1.69,0.055,0.077,0.05,0.108,0.253,0.003,0.035,1.49,1.447,0.045,-0.033,-0.066,-0.029,-0.14,-2.044999999999999,-1.6607692307692328,1.86
A4V,8250,3.917,-0.02,1.13,1.92,1.794,1.94,0.14,0.166,-0.01,0.166,0.113,1.92,0.071,0.097,0.078,0.164,0.353,0.022,0.037,1.65,1.587,0.046,-0.031,-0.059,-0.021,-0.09,-1.8699999999999988,-1.5261538461538477,1.93
A5V,8100,3.908,0.0,1.09,2.01,1.785,2.01,0.16,0.185,-0.015,0.194,0.13,1.98,0.09,0.1,0.089,0.186,0.403,0.031,0.038,1.68,1.607,0.046,-0.03,-0.058,-0.021,-0.07,-1.794999999999999,-1.46846153846154,1.88
A6V,7910,3.898,0.005,1.05,2.13,1.775,2.12,0.185,0.194,-0.02,0.222,0.152,2.09,0.099,0.098,0.094,0.197,0.465,0.043,0.039,1.74,1.655,0.046,-0.03,-0.057,-0.018,-0.05,-1.6999999999999988,-1.395384615384617,1.83
A7V,7760,3.89,0.01,1.0,2.24,1.75,2.23,0.21,0.233,-0.03,0.263,0.173,2.19,0.107,0.091,0.117,0.242,0.528,0.055,0.04,1.8,1.702,0.047,-0.03,-0.056,-0.017,-0.02,-1.6249999999999991,-1.3376923076923093,1.77
A8V,7590,3.88,0.02,0.96,2.34,1.747,2.32,0.25,0.274,-0.04,0.32,0.204,2.27,0.132,0.082,0.14,0.288,0.601,0.07,0.042,1.81,1.694,0.048,-0.028,-0.055,-0.009,0.03,-1.5399999999999991,-1.2723076923076937,1.81
A9V,7400,3.869,0.02,0.92,2.45,1.747,2.43,0.27,0.279,-0.05,0.327,0.207,2.37,0.145,0.08,0.143,0.294,0.674,0.086,0.044,1.89,1.756,0.048,-0.028,-0.055,-0.007,0.06,-1.4449999999999994,-1.1992307692307707,1.75
F0V,7220,3.859,0.01,0.86,2.58,1.728,2.57,0.295,0.317,-0.06,0.377,0.23,2.51,0.158,0.053,0.166,0.339,0.734,0.096,0.045,1.98,1.836,0.049,-0.026,-0.05,0.003,0.1,-1.354999999999999,-1.1300000000000014,1.61
F1V,7020,3.846,0.005,0.79,2.77,1.679,2.76,0.33,0.35,-0.07,0.434,0.252,2.69,0.204,0.021,0.19,0.385,0.819,0.117,0.047,2.11,1.941,0.05,-0.026,-0.047,0.009,0.14,-1.2549999999999994,-1.0530769230769244,1.5
F2V,6820,3.834,-0.005,0.71,2.97,1.622,2.97,0.37,0.39,-0.08,0.49,0.279,2.89,0.25,-0.008,0.213,0.432,0.925,0.14,0.05,2.24,2.045,0.051,-0.027,-0.046,0.011,0.19,-1.1549999999999994,-0.9761538461538475,1.46
F3V,6750,3.829,-0.01,0.67,3.07,1.578,3.08,0.39,0.405,-0.09,0.518,0.293,2.99,0.263,-0.016,0.222,0.449,0.964,0.148,0.051,2.32,2.116,0.051,-0.028,-0.046,0.008,0.21,-1.1199999999999992,-0.9492307692307704,1.44
F4V,6670,3.824,-0.015,0.62,3.19,1.533,3.2,0.41,0.428,-0.1,0.546,0.307,3.1,0.277,-0.026,0.236,0.476,1.012,0.159,0.052,2.4,2.188,0.052,-0.029,-0.046,0.0,0.24,-1.0799999999999996,-0.9184615384615396,1.38
F5V,6550,3.816,-0.02,0.56,3.35,1.473,3.37,0.44,0.455,-0.11,0.587,0.329,3.26,0.29,-0.029,0.252,0.506,1.079,0.173,0.054,2.52,2.291,0.052,-0.03,-0.045,-0.004,0.28,-1.0199999999999996,-0.8723076923076936,1.33
F6V,6350,3.803,-0.03,0.43,3.66,1.359,3.69,0.486,0.504,-0.13,0.64,0.356,3.56,0.317,-0.021,0.276,0.553,1.19,0.199,0.057,2.76,2.5,0.054,-0.033,-0.045,-0.012,0.29,-0.9199999999999994,-0.7953846153846165,1.25
F7V,6280,3.798,-0.035,0.39,3.77,1.324,3.8,0.5,0.534,-0.14,0.67,0.372,3.66,0.332,-0.012,0.29,0.579,1.221,0.213,0.06,2.85,2.579,0.055,-0.036,-0.045,-0.013,0.32,-0.8849999999999995,-0.7684615384615396,1.21
F8V,6180,3.791,-0.04,0.29,4.01,1.221,4.05,0.53,0.558,-0.15,0.694,0.385,3.9,0.35,0.001,0.3,0.599,1.29,0.225,0.061,3.05,2.76,0.056,-0.039,-0.044,-0.016,0.36,-0.8349999999999994,-0.7300000000000011,1.18
F9V,6050,3.782,-0.05,0.22,4.2,1.167,4.25,0.56,0.587,-0.145,0.719,0.399,4.105,0.378,0.014,0.312,0.62,1.335,0.236,0.063,3.21,2.915,0.057,-0.041,-0.044,-0.014,0.38,-0.7699999999999995,-0.680000000000001,1.13
F9.5V,5990,3.777,-0.06,0.18,4.29,1.142,4.35,0.58,0.615,-0.155,0.767,0.431,4.195,0.39092307692307693,0.033,0.323,0.64,1.403,0.249,0.065,3.26,2.947,0.057,-0.042,-0.043,-0.012,0.39,-0.7399999999999994,-0.6569230769230778,1.08
G0V,5930,3.773,-0.065,0.13,4.42,1.1,4.48,0.595,0.65,-0.155,0.784,0.439,4.325,0.40384615384615385,0.057,0.341,0.673,1.437,0.262,0.067,3.37,3.043,0.058,-0.043,-0.043,-0.01,0.42,-0.7099999999999996,-0.6338461538461548,1.06
G1V,5860,3.768,-0.073,0.08,4.55,1.06,4.62,0.622,0.661,-0.158,0.803,0.448,4.462,0.41892307692307695,0.067,0.34,0.672,1.5,0.279,0.07,3.47,3.12,0.06,-0.044,-0.042,-0.01,0.45,-0.6749999999999995,-0.6069230769230778,1.03
G2V,5770,3.761,-0.085,0.01,4.72,1.012,4.8,0.65,0.724,-0.165,0.823,0.459,4.635,0.43830769230769234,0.133,0.363,0.713,1.564,0.293,0.073,3.6,3.236,0.061,-0.05,-0.04,-0.016,0.476,-0.6299999999999996,-0.5723076923076933,1.0
G3V,5720,3.757,-0.095,-0.01,4.78,1.002,4.87,0.66,0.739,-0.167,0.832,0.464,4.703,0.44907692307692315,0.152,0.368,0.722,1.588,0.299,0.074,3.66,3.282,0.061,-0.05,-0.04,-0.014,0.48,-0.6049999999999996,-0.5530769230769239,0.99
G4V,5680,3.754,-0.1,-0.04,4.83,0.991,4.93,0.67,0.757,-0.173,0.841,0.468,4.757,0.45769230769230773,0.175,0.374,0.733,1.611,0.304,0.075,3.7,3.319,0.062,-0.052,-0.041,-0.014,0.49,-0.5849999999999996,-0.5376923076923086,0.985
G5V,5660,3.753,-0.105,-0.05,4.88,0.977,4.98,0.68,0.764,-0.179,0.85,0.473,4.801,0.4620000000000001,0.185,0.377,0.738,1.635,0.31,0.076,3.73,3.345,0.062,-0.052,-0.041,-0.014,0.5,-0.5749999999999996,-0.5300000000000009,0.98
G6V,5600,3.748,-0.115,-0.1,4.99,0.949,5.1,0.7,0.796,-0.186,0.869,0.483,4.914,0.474923076923077,0.227,0.388,0.758,1.691,0.324,0.079,3.81,3.409,0.063,-0.053,-0.04,-0.012,0.52,-0.5449999999999996,-0.5069230769230777,0.97
G7V,5550,3.744,-0.125,-0.13,5.08,0.927,5.2,0.71,0.809,-0.194,0.88,0.489,5.006,0.48569230769230776,0.243,0.393,0.766,1.705,0.327,0.08,3.9,3.495,0.064,-0.054,-0.04,-0.013,0.54,-0.5199999999999997,-0.48769230769230854,0.95
G8V,5480,3.739,-0.14,-0.17,5.16,0.914,5.3,0.73,0.842,-0.202,0.9,0.499,5.098,0.5007692307692309,0.284,0.404,0.786,1.768,0.342,0.082,3.96,3.532,0.065,-0.057,-0.039,-0.018,0.57,-0.48499999999999965,-0.4607692307692316,0.94
G9V,5380,3.731,-0.16,-0.26,5.39,0.853,5.55,0.775,0.894,-0.21,0.95,0.524,5.34,0.5223076923076925,0.358,0.423,0.82,1.857,0.364,0.087,4.14,3.693,0.067,-0.06,-0.038,-0.018,0.6,-0.4349999999999997,-0.42230769230769305,0.9
K0V,5270,3.723,-0.195,-0.34,5.59,0.813,5.78,0.816,0.944,-0.227,0.983,0.56,5.553,0.5460000000000002,0.436,0.443,0.853,1.953,0.387,0.091,4.31,3.827,0.07,-0.063,-0.037,-0.015,0.62,-0.37999999999999967,-0.3800000000000008,0.88
K1V,5170,3.713,-0.23,-0.39,5.72,0.797,5.95,0.857,0.976,-0.25,1.01,0.56,5.65,0.5675384615384618,0.491,0.457,0.879,2.06,0.404,0.094,4.39,3.889,0.071,-0.064,-0.038,-0.013,0.69,-0.32999999999999974,-0.34153846153846223,0.86
K2V,5100,3.708,-0.26,-0.43,5.81,0.783,6.07,0.884,1.035,-0.27,1.1,0.62,5.83,0.5826153846153848,0.581,0.482,0.92,2.13,0.427,0.098,4.46,3.938,0.073,-0.068,-0.037,-0.009,0.74,-0.2949999999999997,-0.3146153846153853,0.82
K3V,4830,3.684,-0.375,-0.55,6.13,0.755,6.5,0.99,1.15,-0.32,1.21,0.66,6.2,0.640769230769231,0.776,0.537,1.013,2.4,0.487,0.109,4.7,4.1,0.079,-0.071,-0.031,-0.008,0.85,-0.1599999999999998,-0.21076923076923137,0.78
K4V,4600,3.663,-0.52,-0.69,6.46,0.713,6.98,1.09,1.292,-0.42,1.34,0.7,6.53,0.6903076923076925,0.986,0.635,1.182,2.7,0.539,0.123,4.91,4.247,0.087,-0.072,-0.03,0.009,0.99,-0.04499999999999982,-0.12230769230769278,0.73
K5V,4440,3.647,-0.63,-0.76,6.65,0.701,7.28,1.15,1.373,-0.44,1.43,0.74,6.83,0.724769230769231,1.081,0.685,1.272,2.88,0.568,0.132,5.1,4.397,0.092,-0.073,-0.029,0.019,1.04,0.03500000000000014,-0.06076923076923124,0.7
K6V,4300,3.633,-0.75,-0.86,6.89,0.669,7.64,1.24,1.439,-0.51,1.53,0.79,7.02,0.7549230769230773,1.184,0.759,1.42,3.08,0.601,0.148,5.31,4.56,0.101,-0.04834782608695648,-0.028125000000000004,0.02775,1.14,0.1050000000000001,-0.006923076923077365,0.69
K7V,4100,3.613,-0.93,-1.0,7.23,0.63,8.16,1.34,1.506,-0.58,1.7,0.86,7.57,0.7980000000000004,1.222,0.802,1.519,3.35,0.619,0.164,5.59,4.81,0.11,-0.013130434782608669,-0.026875000000000007,0.04025,1.26,0.20500000000000007,0.06999999999999962,0.64
K8V,3990,3.601,-1.03,-1.06,7.4,0.615,8.43,1.363,1.562,-0.625,1.73,0.88,7.74,0.8216923076923082,1.216,0.843,1.632,3.48,0.626,0.171,5.75,4.95,0.115,0.006239130434782636,-0.02618750000000001,0.047125,1.29,0.26,0.112307692307692,0.62
K9V,3930,3.594,-1.07,-1.1,7.49,0.608,8.56,1.4,1.593,-0.66,1.79,0.9,8.03,0.834615384615385,1.21,0.866,1.699,3.55,0.631,0.18,5.82,5.01,0.117,0.016804347826086974,-0.02581250000000001,0.050875000000000004,1.32,0.29000000000000004,0.1353846153846151,0.59
M0V,3850,3.585,-1.15,-1.16,7.65,0.588,8.8,1.42,1.623,-0.7,1.84,0.92,8.16,0.8518461538461543,1.204,0.889,1.766,3.65,0.627,0.19,5.97,5.15,0.12,0.03089130434782611,-0.025312500000000012,0.055874999999999994,1.36,0.33,0.16615384615384587,0.57
M0.5V,3770,3.576,-1.29,-1.27,7.91,0.544,9.2,1.445,1.653,-0.76,1.97,0.97,8.44,0.8690769230769235,1.184,0.924,1.886,3.84,0.62,0.208,6.19,5.36,0.125,0.044978260869565245,-0.02481250000000001,0.060875,1.4000000000000001,0.37,0.19692307692307665,0.54
M1V,3660,3.563,-1.42,-1.39,8.22,0.501,9.64,1.485,1.69425,-0.82,2.09,1.0,8.82,0.8927692307692312,1.172,0.956,2.005,4.0,0.614,0.222,6.48,5.64,0.13,0.06434782608695655,-0.024125000000000014,0.06775,1.455,0.41,0.23923076923076902,0.5
M1.5V,3620,3.559,-1.5,-1.44,8.35,0.482,9.85,1.495,1.7092500000000002,-0.87,2.13,1.02,8.98,0.9013846153846159,1.17,0.978,2.089,4.1,0.608,0.227,6.59,5.75,0.135,0.0713913043478261,-0.023875000000000014,0.07025,1.475,0.47,0.2546153846153844,0.47
M2V,3560,3.551,-1.62,-1.54,8.59,0.446,10.21,1.505,1.7317500000000001,-0.925,2.23,1.06,9.29,0.9143076923076928,1.17,1.001,2.173,4.23,0.6,0.234,6.81,5.98,0.14,0.08195652173913046,-0.023500000000000014,0.074,1.5050000000000003,0.53,0.2776923076923075,0.44
M2.5V,3470,3.54,-1.78,-1.64,8.82,0.421,10.61,1.522,1.7655,-1.02,2.39,1.1,9.67,0.9336923076923082,1.175,1.041,2.306,4.43,0.589,0.244,7.01,6.18,0.145,0.09780434782608698,-0.022937500000000017,0.079625,1.5500000000000003,0.57,0.3123076923076922,0.4
M3V,3430,3.535,-1.93,-1.79,9.21,0.361,11.15,1.53,1.7805000000000002,-1.1,2.5,1.13,10.05,0.9423076923076928,1.181,1.079,2.42,4.6,0.579,0.252,7.38,6.55,0.15,0.10484782608695654,-0.022687500000000017,0.082125,1.5700000000000003,0.61,0.32769230769230756,0.37
M3.5V,3270,3.515,-2.28,-2.03,9.82,0.3,12.1,1.6,1.8405000000000002,-1.28,2.78,1.19,10.87,0.9767692307692313,1.2,1.178,2.68,5.0,0.558,0.269,7.93,7.1,0.17,0.1330217391304348,-0.02168750000000002,0.092125,1.6500000000000004,0.66,0.38923076923076916,0.27
M4V,3210,3.507,-2.51,-2.14,10.1,0.274,12.61,1.65,1.8630000000000002,-1.4,2.94,1.24,11.21,0.9896923076923082,1.222,1.241,2.831,5.25,0.557,0.28,8.2,7.36,0.18,0.14358695652173914,-0.02131250000000002,0.095875,1.6800000000000004,0.71,0.41230769230769226,0.23
M4.5V,3110,3.493,-2.84,-2.4,10.74,0.217,13.58,1.69,1.9005000000000003,-1.54,3.16,1.28,12.04,1.0112307692307698,1.23,1.345,3.073,5.65,0.564,0.301,8.8,7.93,0.2,0.16119565217391305,-0.020687500000000022,0.10212500000000001,1.7300000000000004,0.81,0.4507692307692307,0.184
M5V,3060,3.486,-3.11,-2.52,11.04,0.196,14.15,1.83,1.9192500000000003,-1.7,3.35,1.33,12.45,1.0220000000000007,1.24,1.446,3.278,5.95,0.58,0.312,9.09,8.2,0.21,0.17,-0.020375000000000025,0.10525000000000001,1.7550000000000003,0.91,0.47,0.162
M5.5V,2930,3.467,-3.58,-2.79,11.72,0.156,15.3,1.94,1.9680000000000004,-1.95,3.71,1.38,13.35,1.0500000000000007,1.3,1.656,3.664,6.5,0.588,0.329,9.72,8.8,0.22,0.19,-0.019562500000000024,0.113375,1.8200000000000005,1.13,0.52,0.123
M6V,2810,3.449,-4.13,-2.98,12.19,0.137,16.32,2.01,2.0130000000000003,-2.37,4.16,1.43,14.26,1.0758461538461543,1.3,1.95,4.1,7.1,0.605,0.352,10.18,9.22,0.225,0.21,-0.018812500000000027,0.12087500000000001,1.8800000000000006,1.45,0.6,0.102
M6.5V,2740,3.438,-4.62,-3.1,12.48,0.126,17.1,2.07,2.0392500000000005,-2.7,4.5,1.48,14.4,1.0909230769230776,1.3,1.988,4.26,7.6,0.609,0.36,10.47,9.5,0.235,0.22,-0.01837500000000003,0.12525,1.9150000000000005,1.58,0.64,0.093
M7V,2680,3.428,-4.99,-3.19,12.71,0.12,17.7,2.12,2.0617500000000004,-2.98,4.65,1.52,14.72,1.1038461538461544,1.3,2.18,4.5,8.0,0.613,0.39,10.7,9.7,0.24,0.24,-0.01800000000000003,0.129,1.9450000000000007,1.77,0.7,0.09
M7.5V,2630,3.42,-5.32,-3.24,12.84,0.116,18.16,2.14,2.0805000000000002,-3.15,4.72,1.55,15.2,1.1146153846153852,1.3,2.16,4.56,8.35,0.65,0.422,10.88,9.81,0.26,0.25,-0.01768750000000003,0.132125,1.9700000000000006,1.85,0.74,0.088
M8V,2570,3.41,-5.65,-3.28,12.95,0.114,18.6,2.15,2.1030000000000006,-3.11,4.86,1.57,15.2,1.127538461538462,1.3,2.15,4.62,8.7,0.677,0.45,11.05,9.92,0.285,0.26,-0.01731250000000003,0.135875,2.000000000000001,1.93,0.77,0.085
M8.5V,2420,3.384,-5.78,-3.47,13.42,0.104,19.2,2.16,2.1592500000000006,-3.09,5.1,1.59,15.9,1.1598461538461544,1.3,1.967,4.63,8.9,0.69,0.465,11.46,10.3,0.31,0.265,-0.016375000000000035,0.14525,2.0750000000000006,1.96,0.8,0.08
M9V,2380,3.377,-5.86,-3.52,13.54,0.102,19.4,2.17,2.1742500000000007,-3.0,4.78,1.6,16.2,1.168461538461539,1.3,1.89,4.66,9.0,0.72,0.47,11.59,10.4,0.33,0.27,-0.016125000000000035,0.14775,2.0950000000000006,1.99,0.82,0.079
M9.5V,2350,3.371,-6.13,-3.57,13.67,0.101,19.75,2.1774999999999998,2.1855,-3.1,4.86,1.61,16.4,1.1749230769230776,1.3,2.51,4.73,9.3,0.745,0.5,11.75,10.5,0.35,0.27,-0.015937500000000035,0.14962499999999998,2.1100000000000008,2.0,0.84,0.078
L0V,2270,3.356,-6.25,-3.6,13.75,0.102,20.0,2.1974999999999993,2.2155000000000005,-3.45,5.073333333333334,1.68,16.6,1.1921538461538468,1.3,4.163333333333333,4.85,9.4,0.76,0.51,11.76,10.55,0.36,0.27,-0.015437500000000036,0.15462499999999998,2.150000000000001,2.01,0.86,0.077
L1V,2160,3.334,-6.48,-3.71,14.02,0.0995,20.5,2.2249999999999988,2.2567500000000007,-3.9312500000000004,5.366666666666667,1.66,16.9,1.2158461538461545,1.3,6.436666666666666,4.91,9.65,0.82,0.54,12.12,10.77,0.37,0.28,-0.014750000000000037,0.1615,2.205000000000001,2.02,0.88,0.076
L2V,2060,3.314,-6.62,-3.82,14.28,0.097,20.9,2.2499999999999982,2.294250000000001,-4.36875,5.633333333333335,1.69,17.3,1.2373846153846162,1.3,8.503333333333332,5.05,9.9,0.89,0.58,12.47,11.0,0.47,0.28,-0.014125000000000039,0.16774999999999998,2.255000000000001,2.04,0.9,0.075
L3V,1920,3.283,-7.05,-3.96,14.65,0.0942,21.7,2.2849999999999975,2.3467500000000006,-4.981250000000001,6.006666666666668,1.7,18.1,1.2675384615384622,1.3,11.396666666666665,5.29,10.1,0.97,0.61,12.78,11.4,0.5,0.29,-0.013250000000000043,0.1765,2.325000000000001,2.1,0.92,0.0736
L4V,1870,3.272,-7.53,-4.01,14.77,0.094,22.3,2.297499999999997,2.365500000000001,-5.200000000000001,6.1400000000000015,1.74,18.35,1.2783076923076933,1.3,12.429999999999998,5.57,10.5,1.0,0.63,13.09,11.5,0.6,0.3,-0.012937500000000043,0.17962499999999998,2.350000000000001,2.2,0.94,0.0731
L5V,1710,3.233,-7.87,-4.2,15.23,0.0909,24.220000000000006,2.3374999999999964,2.4255000000000004,-5.9,6.566666666666668,1.71,18.5,1.3127692307692316,1.3,15.736666666666665,6.28,11.1,1.02,0.648,13.46,11.87,0.68,0.32,-0.011937500000000045,0.189625,2.430000000000001,2.33,0.97,0.0715
L6V,1550,3.19,-8.21,-4.38,15.7,0.0891,26.140000000000008,2.3774999999999955,2.485500000000001,-6.600000000000001,6.993333333333336,1.74,19.25,1.3472307692307701,1.3,19.04333333333333,6.99,11.7,1.06,0.654,13.89,12.2,0.76,0.36,-0.010937500000000048,0.199625,2.510000000000001,2.51,1.0,0.06989999999999999
L7V,1530,3.185,-8.2525,-4.41,15.77,0.0886,26.38000000000001,2.3824999999999954,2.4930000000000008,-6.687500000000002,7.046666666666669,2.11,19.3,1.3515384615384622,1.3,19.456666666666663,7.07875,11.774999999999999,1.13,0.645,14.31,12.55,0.84,0.41,-0.010812500000000048,0.200875,2.5200000000000014,2.71,1.04,0.0697
L8V,1420,3.152,-8.48625,-4.55,16.12,0.0875,27.700000000000014,2.409999999999995,2.534250000000001,-7.168750000000001,7.3400000000000025,1.87,20.0,1.3752307692307701,1.3,21.729999999999997,7.5668750000000005,12.187499999999998,1.16,0.625,14.65,12.74,0.845,0.48,-0.01012500000000005,0.20775,2.575000000000001,2.93,1.09,0.0686
L9V,1370,3.137,-8.5925,-4.61,16.27,0.0877,28.300000000000015,2.4224999999999945,2.553000000000001,-7.387500000000001,7.473333333333336,1.7609090909090912,20.318181818181817,1.386000000000001,1.3,22.76333333333333,7.78875,12.374999999999998,1.18,0.59,14.82,12.93,0.82,0.57,-0.00981250000000005,0.210875,2.6000000000000014,3.15,1.16,0.0681
T0V,1255,3.099,-8.836875,-4.66,16.39,0.098,29.680000000000017,2.4512499999999937,2.5961250000000007,-7.890625000000002,7.780000000000003,1.5100000000000005,21.049999999999997,1.4107692307692319,1.3,25.139999999999993,8.2990625,12.806249999999999,1.02,0.54,14.81,13.12,0.7,0.68,-0.009093750000000053,0.2180625,2.6575000000000015,3.36,1.23,0.06695
T1V,1240,3.093,-8.86875,-4.69,16.47,0.1,29.860000000000017,2.454999999999994,2.601750000000001,-7.956250000000002,7.820000000000003,1.4772727272727277,21.145454545454545,1.414000000000001,1.3,25.449999999999996,8.365625,12.862499999999999,1.02,0.45,14.63,13.29,0.58,0.82,-0.009000000000000053,0.219,2.665000000000001,3.55,1.33,0.06679999999999998
T2V,1220,3.086,-8.911249999999999,-4.73,16.57,0.1,30.10000000000002,2.4599999999999937,2.6092500000000007,-8.043750000000003,7.873333333333337,1.433636363636364,21.27272727272727,1.4183076923076934,1.3,25.86333333333333,8.454375,12.937499999999998,0.86,0.27,14.52,13.45,0.53,0.99,-0.008875000000000053,0.22025,2.6750000000000016,3.7,1.43,0.06659999999999999
T3V,1200,3.079,-8.95375,-4.77,16.67,0.102,30.340000000000018,2.4649999999999936,2.616750000000001,-8.131250000000001,7.926666666666669,1.3900000000000006,21.4,1.4226153846153857,1.3,26.276666666666664,8.543125,13.0125,0.68,0.08,14.45,13.52,0.4800000000000001,1.19,-0.008750000000000053,0.2215,2.6850000000000014,3.82,1.55,0.06639999999999999
T4V,1180,3.072,-8.99625,-4.84,16.84,0.101,30.58000000000002,2.4699999999999935,2.624250000000001,-8.218750000000002,7.980000000000003,1.346363636363637,21.527272727272724,1.426923076923078,1.3,26.689999999999998,8.631875,13.087499999999999,0.35,-0.19,14.55,14.2,0.43000000000000016,1.43,-0.008625000000000053,0.22275,2.695000000000001,3.9,1.68,0.0662
T4.5V,1170,3.068,-9.0175,-4.9,16.99,0.099,30.70000000000002,2.4724999999999935,2.628000000000001,-8.262500000000003,8.00666666666667,1.3245454545454551,21.59090909090909,1.429076923076924,1.3,26.89666666666666,8.67625,13.124999999999998,0.2,-0.06,14.69,14.55,0.4050000000000002,1.57,-0.008562500000000053,0.223375,2.700000000000001,3.93,1.75,0.06609999999999999
T5V,1160,3.064,-9.03875,-4.95,17.12,0.101,30.82000000000002,2.4749999999999934,2.631750000000001,-8.306250000000002,8.033333333333337,1.3027272727272734,21.654545454545453,1.43123076923077,1.3,27.10333333333333,8.720625,13.162499999999998,0.2,-0.08,14.88,14.9,0.3800000000000002,1.7,-0.008500000000000053,0.224,2.705000000000001,3.95,1.81,0.06599999999999999
T5.5V,1040,3.017,-9.29375,-5.04,17.34,0.099,32.260000000000026,2.504999999999993,2.676750000000001,-8.83125,8.353333333333337,1.040909090909092,22.418181818181814,1.457076923076924,1.3,29.58333333333333,9.253125,13.612499999999997,0.2,-0.1,15.13,15.1,0.08000000000000063,1.86,-0.0077500000000000555,0.23149999999999998,2.7650000000000015,3.97,1.89,0.06479999999999998
T6V,950,2.978,-9.485,-5.12,17.54,0.1,33.340000000000025,2.5274999999999923,2.710500000000001,-9.225000000000001,8.593333333333337,0.8445454545454556,22.99090909090909,1.4764615384615394,1.3,31.443333333333328,9.6525,13.949999999999998,0.1,-0.03,15.34,15.3,-0.14499999999999902,2.0,-0.007187500000000055,0.237125,2.8100000000000014,3.98,1.96,0.06389999999999998
T7V,825,2.916,-9.750625,-5.37,18.17,0.098,34.84000000000003,2.558749999999992,2.757375000000001,-9.771875000000001,8.926666666666671,0.5718181818181831,23.78636363636363,1.5033846153846162,1.3,34.026666666666664,10.2071875,14.418749999999998,0.0,0.0,15.83,15.8,-0.4574999999999986,2.4,-0.006406250000000058,0.2449375,2.8725000000000014,4.01,2.11,0.06264999999999998
T7.5V,750,2.875,-9.91,-5.54,18.59,0.095,35.74000000000003,2.5774999999999912,2.7855000000000008,-10.100000000000001,9.126666666666672,0.40818181818181976,24.26363636363636,1.5195384615384624,1.3,35.57666666666666,10.54,14.699999999999998,0.2,-0.05,16.61,16.5,-0.6449999999999985,2.6,-0.005937500000000061,0.24962499999999999,2.9100000000000015,4.05,2.19,0.06189999999999998
T8V,680,2.833,-10.05875,-5.71,19.02,0.095,36.580000000000034,2.594999999999991,2.811750000000001,-10.406250000000002,9.313333333333338,0.25545454545454716,24.709090909090904,1.5346153846153858,1.3,37.023333333333326,10.850625,14.962499999999997,0.2,-0.05,17.3,16.9,-0.8199999999999981,2.8,-0.00550000000000006,0.254,2.945000000000001,4.08,2.26,0.061199999999999984
T8.5V,600,2.778,-10.22875,-5.93,19.57,0.097,37.540000000000035,2.6149999999999904,2.841750000000001,-10.756250000000001,9.52666666666667,0.08090909090909282,25.21818181818181,1.5518461538461548,1.3,38.676666666666655,11.205625,15.262499999999998,0.2,-0.15,18.05,18.3,-1.0199999999999978,3.0,-0.005000000000000063,0.259,2.985000000000001,4.114285714285715,2.3399999999999994,0.06039999999999998
T9V,560,2.748,-10.313749999999999,-6.15,20.12,0.1,38.02000000000004,2.6249999999999902,2.856750000000001,-10.931250000000002,9.633333333333338,-0.006363636363634573,25.47272727272727,1.5604615384615395,1.3,39.50333333333332,11.383125,15.412499999999998,0.1,-0.2,18.51,18.6,-1.1199999999999977,3.2,-0.004750000000000063,0.2615,3.0050000000000017,4.131428571428572,2.3799999999999994,0.059999999999999984
T9.5V,510,2.708,-10.419999999999998,-6.318181818181818,20.53818181818182,0.10181818181818182,38.62000000000004,2.63749999999999,2.875500000000001,-11.150000000000002,9.766666666666673,-0.11545454545454348,25.790909090909086,1.57123076923077,1.3,40.536666666666655,11.605,15.599999999999998,-0.024999999999999994,-0.33636363636363636,19.75,20.5,-1.2449999999999974,3.4,-0.004437500000000063,0.264625,3.0300000000000016,4.152857142857144,2.4299999999999993,0.05949999999999998
Y0V,450,2.653,-10.5475,-6.52,21.04,0.104,39.34000000000004,2.6524999999999896,2.8980000000000015,-11.412500000000001,9.926666666666673,-0.24636363636363434,26.172727272727265,1.5841538461538471,1.3,41.77666666666666,11.87125,15.824999999999996,-0.17500000000000002,-0.5,20.15,21.0,-1.3949999999999974,3.6,-0.004062500000000066,0.26837500000000003,3.0600000000000014,4.17857142857143,2.4899999999999993,0.05889999999999998
Y0.5V,400,2.602,-10.653749999999999,-6.688181818181818,21.458181818181817,0.10581818181818181,39.94000000000004,2.6649999999999894,2.9167500000000013,-11.631250000000001,10.060000000000006,-0.35545454545454325,26.490909090909085,1.5949230769230782,1.3,42.80999999999999,12.093125,16.012499999999996,-0.30000000000000004,-0.6,22.0,21.6,-1.5199999999999971,3.9,-0.0037500000000000658,0.2715,3.0850000000000017,4.200000000000001,2.539999999999999,0.05839999999999998
Y1V,360,2.556,-10.73875,-6.822727272727271,21.79272727272727,0.10727272727272726,40.420000000000044,2.674999999999989,2.931750000000001,-11.806250000000002,10.166666666666671,-0.4427272727272702,26.74545454545454,1.6035384615384625,1.3,43.636666666666656,12.270624999999999,16.162499999999994,-0.4,-0.7066666666666667,22.7,22.2,-1.6199999999999972,4.1,-0.0035000000000000656,0.274,3.1050000000000013,4.217142857142858,2.579999999999999,0.05799999999999998
Y1.5V,325,2.512,-10.813125,-6.9404545454545445,22.085454545454542,0.10854545454545453,40.840000000000046,2.683749999999989,2.9448750000000015,-11.959375000000001,10.260000000000005,-0.5190909090909068,26.96818181818181,1.611076923076924,1.3,44.35999999999999,12.4259375,16.293749999999996,-0.48750000000000004,-0.8,23.2,22.9,-1.7074999999999971,4.4,-0.0032812500000000654,0.27618750000000003,3.1225000000000014,4.2321428571428585,2.614999999999999,0.05764999999999998
Y2V,320,2.505,-10.823749999999999,-6.957272727272726,22.127272727272725,0.10872727272727271,40.90000000000005,2.684999999999989,2.946750000000001,-11.981250000000003,10.273333333333339,-0.5299999999999976,26.999999999999993,1.6121538461538472,1.3,44.463333333333324,12.448125000000001,16.312499999999996,-0.5,-0.8133333333333334,23.6,23.5,-1.7199999999999969,4.7,-0.0032500000000000653,0.2765,3.1250000000000018,4.234285714285716,2.6199999999999988,0.057599999999999985
Y4V,250,2.398,-10.9725,-7.192727272727271,22.712727272727268,0.11127272727272725,41.740000000000045,2.7024999999999886,2.973000000000001,-12.287500000000001,10.460000000000004,-0.68272727272727,27.445454545454538,1.6272307692307701,1.3,45.90999999999999,12.75875,16.574999999999996,-0.675,-1.0,28.2,31.90000000000002,-1.8949999999999967,6.1,-0.0028125000000000684,0.28087500000000004,3.160000000000002,4.264285714285716,2.6899999999999986,0.05689999999999998
